iteration,reward_mean,length_mean,games,loss
2000,-1.0,2.0,8,0.02199384942650795
4000,-1.0,2.0,9,0.009610936045646667
6000,-0.89,2.11,9,0.014395570382475853
8000,-0.12,2.0,8,0.008600641041994095
10000,0.0,2.0,8,0.003301247488707304
12000,0.0,2.0,8,0.007753732614219189
14000,0.12,2.12,8,0.012546434067189693
16000,0.0,2.0,8,0.003636507550254464
18000,0.0,2.12,8,0.0008865116978995502
20000,0.0,2.0,8,0.0007058403571136296
22000,0.0,2.0,8,0.0033106012269854546
24000,0.0,2.0,8,0.002535441890358925
26000,0.38,2.38,8,0.0018373384373262525
28000,1.0,3.25,8,0.0024872291833162308
30000,0.75,2.75,8,0.003532136557623744
32000,0.5,2.5,8,0.0022324160672724247
34000,0.12,2.12,8,0.002941833809018135
36000,0.88,3.0,8,0.0016525002429261804
38000,1.0,3.0,8,0.002606928115710616
40000,1.0,3.22,9,0.0033502052538096905
42000,0.75,2.75,8,0.0029870164580643177
44000,1.33,3.67,9,0.0021562736947089434
46000,0.75,2.75,8,0.0022712729405611753
48000,1.0,3.12,8,0.003086016047745943
50000,2.64,5.27,11,0.001214033691212535
52000,2.62,5.62,8,0.003717995248734951
54000,2.88,5.88,8,0.006720919162034988
56000,2.33,5.33,9,0.002266086870804429
58000,2.38,5.38,8,0.002666542772203684
60000,2.25,5.25,8,0.005214246921241283
62000,2.67,5.67,9,0.0013126389821991324
64000,2.5,5.5,8,0.002708653686568141
66000,3.12,6.12,8,0.002753167413175106
68000,2.5,5.5,8,0.001357942121103406
70000,2.75,5.75,8,0.005866775289177895
72000,2.75,5.75,8,0.00316798803396523
74000,2.12,5.12,8,0.0040743653662502766
76000,2.44,5.44,9,0.003138661850243807
78000,4.88,7.88,8,0.0024976630229502916
80000,3.38,6.38,8,0.014121796935796738
82000,3.25,6.25,8,0.0036208597011864185
84000,3.12,6.12,8,0.004974089562892914
86000,2.75,5.75,8,0.001468899310566485
88000,2.75,5.75,8,0.0038337300065904856
90000,2.5,5.5,8,0.0024146614596247673
92000,2.5,5.5,8,0.003007636871188879
94000,3.0,6.0,9,0.0022915052250027657
96000,4.38,7.38,8,0.006976423319429159
98000,2.62,5.62,8,0.00493966368958354
100000,3.0,6.0,8,0.0022454308345913887
102000,2.88,5.88,8,0.0021279267966747284
104000,3.5,6.5,8,0.0030501866713166237
106000,4.12,7.12,8,0.0016274959780275822
108000,4.0,7.0,8,0.002912388648837805
110000,3.44,6.44,9,0.004360798746347427
112000,3.75,6.75,8,0.012992186471819878
114000,3.75,6.75,8,0.0022043853532522917
116000,2.88,5.88,8,0.002600665669888258
118000,3.62,6.62,8,0.016232185065746307
120000,3.75,6.75,8,0.00226160092279315
122000,3.5,6.5,8,0.001559337368234992
124000,2.62,5.62,8,0.002854923252016306
126000,6.0,9.0,8,0.0027883686125278473
128000,4.75,7.75,8,0.0025848373770713806
130000,6.62,9.62,8,0.004087108187377453
132000,6.25,9.25,8,0.0031673589255660772
134000,4.25,7.25,8,0.001347059616819024
136000,3.62,6.62,8,0.002745061181485653
138000,3.62,6.62,8,0.015331821516156197
140000,5.88,8.88,8,0.0021870688069611788
142000,5.0,8.0,8,0.0032480652444064617
144000,7.38,10.38,8,0.0022690033074468374
146000,9.25,12.25,8,0.015975158661603928
148000,4.75,7.75,8,0.003076370572671294
150000,4.5,7.5,8,0.002898664679378271
152000,9.25,12.25,8,0.0019451311090961099
154000,7.0,10.0,8,0.003205621847882867
156000,5.75,8.75,8,0.0023275921121239662
158000,10.88,13.88,8,0.003404856426641345
160000,9.12,12.12,8,0.0017707671504467726
162000,9.5,12.5,8,0.0018509249202907085
164000,8.38,11.38,8,0.0031447182409465313
166000,8.62,11.62,8,0.004216707311570644
168000,7.12,10.12,8,0.0031707980670034885
170000,8.88,11.88,8,0.0024196419399231672
172000,6.38,9.38,8,0.012140692211687565
174000,9.5,12.5,8,0.0012889672070741653
176000,8.38,11.38,8,0.0014609843492507935
178000,8.62,11.62,8,0.014425183646380901
180000,8.75,11.75,8,0.003970261663198471
182000,10.88,13.88,8,0.0016951772850006819
184000,7.0,10.0,8,0.011561399325728416
186000,8.38,11.38,8,0.020968403667211533
188000,6.0,9.0,8,0.002759728580713272
190000,9.0,12.0,8,0.0027696669567376375
192000,10.0,13.0,8,0.009951414540410042
194000,8.62,11.62,8,0.0016868235543370247
196000,12.0,15.0,8,0.0023518470115959644
198000,7.0,10.0,8,0.010212715715169907
200000,8.12,11.12,8,0.0030556414276361465
202000,9.38,12.38,8,0.003189440816640854
204000,7.62,10.62,8,0.0025929235853254795
206000,11.25,14.25,8,0.003053968772292137
208000,8.88,11.88,8,0.004265862051397562
210000,8.88,11.88,8,0.0037328721955418587
212000,9.88,12.88,8,0.0035883744712918997
214000,13.88,16.88,8,0.0014461952960118651
216000,9.75,12.75,8,0.0030221855267882347
218000,8.38,11.38,8,0.0019481208873912692
220000,8.75,11.75,8,0.0038404520601034164
222000,5.5,8.5,8,0.00663724634796381
224000,6.38,9.38,8,0.0031067226082086563
226000,7.38,10.38,8,0.004264503717422485
228000,9.5,12.5,8,0.0012983819469809532
230000,7.75,10.75,8,0.0031290724873542786
232000,7.75,10.75,8,0.00522008677944541
234000,10.75,13.75,8,0.0038231820799410343
236000,9.0,12.0,8,0.0042096637189388275
238000,12.88,15.88,8,0.004279187880456448
240000,4.88,7.88,8,0.005692020058631897
242000,11.62,14.62,8,0.0019828774966299534
244000,8.62,11.62,8,0.002361864782869816
246000,7.5,10.5,8,0.0032582662533968687
248000,11.0,14.0,8,0.00213535875082016
250000,8.0,11.0,8,0.0033775209449231625
252000,12.12,15.12,8,0.0017967395251616836
254000,12.62,15.62,8,0.011485762894153595
256000,8.75,11.75,8,0.004451478831470013
258000,10.62,13.62,8,0.0025418419390916824
260000,8.5,11.5,8,0.00286351190879941
262000,8.25,11.25,8,0.0023685218766331673
264000,10.5,13.5,8,0.007718939334154129
266000,11.38,14.38,8,0.0031408327631652355
268000,12.12,15.12,8,0.002529563382267952
270000,11.5,14.5,8,0.004198629409074783
272000,13.75,16.75,8,0.0037186439149081707
274000,10.5,13.5,8,0.00636863661929965
276000,9.25,12.25,8,0.002839666558429599
278000,6.12,9.12,8,0.0018936754204332829
280000,8.12,11.12,8,0.004011376760900021
282000,8.38,11.38,8,0.001485027140006423
284000,9.62,12.62,8,0.0020119748078286648
286000,6.38,9.38,8,0.0019514306914061308
288000,7.25,10.25,8,0.0037123023066669703
290000,12.5,15.5,8,0.004386495798826218
292000,9.5,12.5,8,0.003083202289417386
294000,10.25,13.25,8,0.003746570087969303
296000,7.5,10.5,8,0.0139937624335289
298000,9.88,12.88,8,0.0041403984650969505
300000,12.12,15.12,8,0.0027080816216766834
302000,11.0,14.0,8,0.0023833559826016426
304000,8.5,11.5,8,0.004442748613655567
306000,9.38,12.38,8,0.0029784254729747772
308000,10.0,13.0,8,0.0029507598374038935
310000,11.75,14.75,8,0.0019065014785155654
312000,12.75,15.75,8,0.0040855081751942635
314000,11.88,14.88,8,0.004393087234348059
316000,11.88,14.88,8,0.0029509521555155516
318000,10.62,13.62,8,0.00421744491904974
320000,8.62,11.62,8,0.002819663379341364
322000,8.88,11.88,8,0.004061118699610233
324000,6.25,9.25,8,0.0027052005752921104
326000,11.38,14.38,8,0.0017723840428516269
328000,6.25,9.25,8,0.003961574286222458
330000,9.25,12.25,8,0.0028786680195480585
332000,12.62,15.62,8,0.004184355027973652
334000,10.25,13.25,8,0.00858578085899353
336000,12.5,15.5,8,0.00287772249430418
338000,9.38,12.38,8,0.006515467539429665
340000,13.88,16.88,8,0.004197931848466396
342000,10.38,13.38,8,0.004763582721352577
344000,10.0,13.0,8,0.0028253572527319193
346000,10.25,13.25,8,0.012846329249441624
348000,12.62,15.62,8,0.0033875491935759783
350000,13.12,16.12,8,0.0018997852457687259
352000,10.25,13.25,8,0.0049554528668522835
354000,14.88,17.88,8,0.0021146885119378567
356000,13.12,16.12,8,0.002402164041996002
358000,8.0,11.0,8,0.003613090608268976
360000,8.5,11.5,8,0.006918766535818577
362000,13.56,16.56,9,0.0038485871627926826
364000,12.38,15.38,8,0.003045849036425352
366000,10.38,13.38,8,0.014272483065724373
368000,8.5,11.5,8,0.0030715668108314276
370000,11.12,14.12,8,0.005154205020517111
372000,15.38,18.38,8,0.0048303864896297455
374000,12.62,15.62,8,0.006927753798663616
376000,7.62,10.62,8,0.0031145079992711544
378000,8.62,11.62,8,0.004318126477301121
380000,16.44,19.44,9,0.003160337219014764
382000,10.25,13.25,8,0.0027907537296414375
384000,9.12,12.12,8,0.003188359085470438
386000,13.38,16.38,8,0.00376216066069901
388000,10.38,13.38,8,0.0032668032217770815
390000,12.12,15.12,8,0.004316153936088085
392000,13.5,16.5,8,0.002257026731967926
394000,14.88,17.88,8,0.004325490444898605
396000,14.75,17.75,8,0.001942358911037445
398000,14.12,17.12,8,0.002805724274367094
400000,9.75,12.75,8,0.0013219849206507206
402000,12.12,15.12,8,0.0035260035656392574
404000,12.12,15.12,8,0.009297527372837067
406000,13.0,16.0,8,0.003976298961788416
408000,15.75,18.75,8,0.002820707857608795
410000,18.75,21.75,8,0.003522801911458373
412000,16.88,19.88,8,0.018530553206801414
414000,14.88,17.88,8,0.0033914046362042427
416000,9.38,12.38,8,0.004574517719447613
418000,14.88,17.88,8,0.002067634603008628
420000,14.12,17.12,8,0.003567539621144533
422000,13.78,16.78,9,0.014026481658220291
424000,14.5,17.5,8,0.013129550963640213
426000,11.62,14.62,8,0.003943698946386576
428000,14.62,17.62,8,0.001807894790545106
430000,12.62,15.62,8,0.0034265201538801193
432000,12.88,15.88,8,0.004716566763818264
434000,12.75,15.75,8,0.0030667423270642757
436000,11.25,14.25,8,0.003272110130637884
438000,15.12,18.12,8,0.0037283592391759157
440000,11.75,14.75,8,0.008758015930652618
442000,13.5,16.5,8,0.013553125783801079
444000,11.12,14.12,8,0.0032013985328376293
446000,14.62,17.62,8,0.00759064732119441
448000,9.88,12.88,8,0.007850143127143383
450000,13.38,16.38,8,0.00471088569611311
452000,15.5,18.5,8,0.0032514738850295544
454000,14.0,17.0,8,0.0033096661791205406
456000,12.75,15.75,8,0.003685604315251112
458000,11.0,14.0,8,0.004478467628359795
460000,15.12,18.12,8,0.0036057622637599707
462000,13.38,16.38,8,0.0023523385170847178
464000,14.62,17.62,8,0.002339388709515333
466000,10.62,13.62,8,0.004247227683663368
468000,15.75,18.75,8,0.006807809695601463
470000,13.88,16.88,8,0.005202093161642551
472000,14.12,17.12,8,0.003691416233778
474000,14.25,17.25,8,0.00660424679517746
476000,15.75,18.75,8,0.0043283915147185326
478000,16.88,19.88,8,0.004729412961751223
480000,9.88,12.88,8,0.00415330845862627
482000,15.25,18.25,8,0.0041217501275241375
484000,10.12,13.12,8,0.003702268935739994
486000,10.78,13.78,9,0.004911675583571196
488000,15.25,18.25,8,0.002846918534487486
490000,16.5,19.5,8,0.004728382918983698
492000,11.88,14.88,8,0.0024835579097270966
494000,16.75,19.75,8,0.0045248232781887054
496000,14.88,17.88,8,0.003588397055864334
498000,13.5,16.5,8,0.0032855470199137926
500000,12.38,15.38,8,0.002692603040486574
502000,17.62,20.62,8,0.004521685186773539
504000,18.38,21.38,8,0.004427813924849033
506000,13.12,16.12,8,0.0032232587691396475
508000,14.75,17.75,8,0.0026155435480177402
510000,16.0,19.0,8,0.011997402645647526
512000,8.88,11.88,8,0.010582529939711094
514000,15.75,18.75,8,0.002407474908977747
516000,15.62,18.62,8,0.013591373339295387
518000,12.12,15.12,8,0.003964712843298912
520000,12.38,15.38,8,0.00502029387280345
522000,13.62,16.62,8,0.0037210185546427965
524000,14.75,17.75,8,0.00324690411798656
526000,16.0,19.0,8,0.0038334685377776623
528000,9.75,12.75,8,0.006861365865916014
530000,8.75,11.75,8,0.0027438378892838955
532000,15.0,18.0,8,0.0039952602237463
534000,15.38,18.38,8,0.00972147285938263
536000,20.12,23.12,8,0.006361187435686588
538000,13.88,16.88,8,0.0031826323829591274
540000,16.38,19.38,8,0.002741664182394743
542000,14.25,17.25,8,0.0044797491282224655
544000,12.12,15.12,8,0.003129623830318451
546000,13.12,16.12,8,0.003971994388848543
548000,16.0,19.0,8,0.011535141617059708
550000,13.75,16.75,8,0.007170889526605606
552000,14.5,17.5,8,0.007728526834398508
554000,15.5,18.5,8,0.002952730981633067
556000,18.75,21.75,8,0.0031297379173338413
558000,13.88,16.88,8,0.006201050244271755
560000,14.38,17.38,8,0.008654157631099224
562000,11.88,14.88,8,0.01872546225786209
564000,18.0,21.0,8,0.014874285086989403
566000,11.62,14.62,8,0.004307204857468605
568000,14.62,17.62,8,0.0034812982194125652
570000,15.38,18.38,8,0.007006161846220493
572000,13.75,16.75,8,0.0063720084726810455
574000,11.38,14.38,8,0.0027779140509665012
576000,13.75,16.75,8,0.003100133268162608
578000,12.38,15.38,8,0.006700510159134865
580000,12.12,15.12,8,0.0057626026682555676
582000,15.5,18.5,8,0.004768142011016607
584000,15.62,18.62,8,0.0038307425566017628
586000,15.75,18.75,8,0.004270590376108885
588000,18.5,21.5,8,0.006342791020870209
590000,16.5,19.5,8,0.005620242562144995
592000,18.38,21.38,8,0.004706470295786858
594000,15.5,18.5,8,0.0029595019295811653
596000,15.88,18.88,8,0.009677162393927574
598000,13.12,16.12,8,0.004396997392177582
600000,16.12,19.12,8,0.005834943614900112
602000,15.5,18.5,8,0.003365269396454096
604000,11.75,14.75,8,0.002779583912342787
606000,17.75,20.75,8,0.009055695496499538
608000,13.88,16.88,8,0.003292726119980216
610000,13.12,16.12,8,0.0035137375816702843
612000,17.5,20.5,8,0.00768411997705698
614000,21.75,24.75,8,0.00301416777074337
616000,21.62,24.62,8,0.004644043743610382
618000,14.0,17.0,8,0.01115458831191063
620000,11.88,14.88,8,0.005442741326987743
622000,12.5,15.5,8,0.01322205737233162
624000,17.38,20.38,8,0.006726556457579136
626000,18.62,21.62,8,0.004088565707206726
628000,12.12,15.12,8,0.003946932498365641
630000,14.0,17.0,8,0.009815630502998829
632000,14.25,17.25,8,0.00408410606905818
634000,13.88,16.88,8,0.003961129579693079
636000,12.88,15.88,8,0.005990144796669483
638000,10.0,13.0,8,0.001841673394665122
640000,9.62,12.62,8,0.005599750205874443
642000,17.75,20.75,8,0.0055493442341685295
644000,14.88,17.88,8,0.007370947394520044
646000,19.88,22.88,8,0.008862271904945374
648000,16.75,19.75,8,0.003431999124586582
650000,17.5,20.5,8,0.006841406691819429
652000,16.75,19.75,8,0.008424981497228146
654000,17.12,20.12,8,0.006956959143280983
656000,18.88,21.88,8,0.013643241487443447
658000,13.12,16.12,8,0.008678426966071129
660000,14.62,17.62,8,0.00517668342217803
662000,11.38,14.38,8,0.004986128769814968
664000,16.12,19.12,8,0.012886988930404186
666000,15.5,18.5,8,0.004928214941173792
668000,15.0,18.0,8,0.0051423655822873116
670000,13.38,16.38,8,0.011092355474829674
672000,14.33,17.33,9,0.004872502759099007
674000,14.75,17.75,8,0.012436178512871265
676000,15.25,18.25,8,0.008392305113375187
678000,14.25,17.25,8,0.006567926146090031
680000,14.75,17.75,8,0.005851746536791325
682000,17.0,20.0,8,0.006249116733670235
684000,12.88,15.88,8,0.004958618897944689
686000,14.88,17.88,8,0.005102813243865967
688000,10.62,13.62,8,0.010954304598271847
690000,11.0,14.0,8,0.010095838457345963
692000,14.33,17.33,9,0.00319122476503253
694000,17.25,20.25,8,0.0049827201291918755
696000,20.5,23.5,8,0.008457941934466362
698000,23.0,26.0,8,0.004978608340024948
700000,11.0,14.0,8,0.009181758388876915
702000,16.12,19.12,8,0.005490530282258987
704000,15.0,18.0,8,0.009645463898777962
706000,11.0,14.0,8,0.015550313517451286
708000,16.12,19.12,8,0.004114838317036629
710000,16.12,19.12,8,0.01387016475200653
712000,18.0,21.0,8,0.011132443323731422
714000,15.75,18.75,8,0.004823986440896988
716000,15.38,18.38,8,0.005035111680626869
718000,13.12,16.12,8,0.008546041324734688
720000,13.88,16.88,8,0.005271167028695345
722000,11.38,14.38,8,0.009676065295934677
724000,12.38,15.38,8,0.0045571778900921345
726000,19.38,22.38,8,0.004708244930952787
728000,18.12,21.12,8,0.008577240630984306
730000,19.0,22.0,8,0.005059505347162485
732000,17.75,20.75,8,0.0036400947719812393
734000,12.62,15.62,8,0.005888678133487701
736000,11.62,14.62,8,0.006395726464688778
738000,17.75,20.75,8,0.007210231386125088
740000,9.75,12.75,8,0.004432194866240025
742000,15.62,18.62,8,0.0062569789588451385
744000,12.0,15.0,8,0.0034023027401417494
746000,15.38,18.38,8,0.0053372010588645935
748000,12.12,15.12,8,0.0072386981919407845
750000,18.0,21.0,8,0.0064660836942493916
752000,20.38,23.38,8,0.006705714389681816
754000,19.75,22.75,8,0.01045851968228817
756000,23.25,26.25,8,0.007611850742250681
758000,14.38,17.38,8,0.007063050754368305
760000,12.12,15.12,8,0.004961173515766859
762000,15.75,18.75,8,0.004677128046751022
764000,14.62,17.62,8,0.008422932587563992
766000,21.0,24.0,8,0.006875304505228996
768000,15.5,18.5,8,0.006009475793689489
770000,16.25,19.25,8,0.024038538336753845
772000,14.38,17.38,8,0.011580880731344223
774000,13.25,16.25,8,0.003944396506994963
776000,14.5,17.5,8,0.005630942061543465
778000,19.75,22.75,8,0.007742778398096561
780000,20.12,23.12,8,0.0022226194851100445
782000,19.25,22.25,8,0.006639371160417795
784000,17.25,20.25,8,0.003999615088105202
786000,17.5,20.5,8,0.006113281007856131
788000,15.75,18.75,8,0.0035978942178189754
790000,21.38,24.38,8,0.014650802128016949
792000,19.38,22.38,8,0.006076435092836618
794000,15.62,18.62,8,0.013521420769393444
796000,16.5,19.5,8,0.006944953463971615
798000,16.75,19.75,8,0.006682408973574638
800000,16.12,19.12,8,0.005860324017703533
802000,16.62,19.62,8,0.00635683024302125
804000,16.0,19.0,8,0.003477700985968113
806000,18.5,21.5,8,0.006937266793102026
808000,15.38,18.38,8,0.004538192413747311
810000,11.5,14.5,8,0.00633213808760047
812000,16.62,19.62,8,0.021176734939217567
814000,21.38,24.38,8,0.014083204790949821
816000,22.25,25.25,8,0.005980556830763817
818000,21.88,24.88,8,0.00491590378805995
820000,16.25,19.25,8,0.009718269109725952
822000,13.0,16.0,8,0.004462059121578932
824000,19.62,22.62,8,0.0028718444518744946
826000,11.12,14.12,8,0.009125452488660812
828000,20.5,23.5,8,0.004207514226436615
830000,19.38,22.38,8,0.0033048903569579124
832000,18.12,21.12,8,0.013197408989071846
834000,15.5,18.5,8,0.007077997550368309
836000,16.0,19.0,8,0.006862040143460035
838000,16.75,19.75,8,0.005476648919284344
840000,13.0,16.0,8,0.006407382898032665
842000,18.38,21.38,8,0.0027893134392797947
844000,11.38,14.38,8,0.003521435894072056
846000,17.25,20.25,8,0.007385571487247944
848000,16.75,19.75,8,0.0064289988949894905
850000,17.5,20.5,8,0.006852864287793636
852000,16.25,19.25,8,0.0027765478007495403
854000,16.12,19.12,8,0.004575400613248348
856000,16.62,19.62,8,0.004025355912744999
858000,18.0,21.0,8,0.007241975516080856
860000,17.0,20.0,8,0.0055650402791798115
862000,17.38,20.38,8,0.007484096102416515
864000,19.22,22.22,9,0.007178190629929304
866000,17.0,20.0,8,0.011721041984856129
868000,16.25,19.25,8,0.0024342015385627747
870000,14.38,17.38,8,0.011875973083078861
872000,13.5,16.5,8,0.003383779898285866
874000,15.38,18.38,8,0.0044255442917346954
876000,15.75,18.75,8,0.0036828096490353346
878000,14.88,17.88,8,0.0046405731700360775
880000,19.25,22.25,8,0.006321816239506006
882000,18.12,21.12,8,0.0030453125946223736
884000,12.12,15.12,8,0.005154605023562908
886000,14.5,17.5,8,0.012181551195681095
888000,10.25,13.25,8,0.004925781395286322
890000,14.62,17.62,8,0.004942775703966618
892000,14.0,17.0,8,0.008871608413755894
894000,14.62,17.62,8,0.0033569035585969687
896000,16.0,19.0,8,0.004664628300815821
898000,16.12,19.12,8,0.0037232825998216867
900000,16.88,19.88,8,0.01331983134150505
902000,13.62,16.62,8,0.012089834548532963
904000,18.25,21.25,8,0.02769196406006813
906000,14.88,17.88,8,0.008948680013418198
908000,22.5,25.5,8,0.017958834767341614
910000,20.62,23.62,8,0.006883538328111172
912000,17.62,20.62,8,0.009545590728521347
914000,16.12,19.12,8,0.005684316158294678
916000,19.75,22.75,8,0.012193826958537102
918000,17.88,20.88,8,0.0053542908281087875
920000,17.62,20.62,8,0.0044816043227910995
922000,18.38,21.38,8,0.00254334369674325
924000,16.5,19.5,8,0.004571524914354086
926000,16.12,19.12,8,0.0022617517970502377
928000,17.38,20.38,8,0.00391796650364995
930000,18.75,21.75,8,0.003369305282831192
932000,17.0,20.0,8,0.005078690126538277
934000,16.38,19.38,8,0.00254469970241189
936000,19.12,22.12,8,0.004651282913982868
938000,16.25,19.25,8,0.0028970371931791306
940000,17.38,20.38,8,0.00516015850007534
942000,13.25,16.25,8,0.007770712953060865
944000,17.62,20.62,8,0.004747261293232441
946000,17.62,20.62,8,0.006246293429285288
948000,16.12,19.12,8,0.006048218347132206
950000,13.88,16.88,8,0.007145874202251434
952000,12.62,15.62,8,0.007399733178317547
954000,23.38,26.38,8,0.004857872612774372
956000,15.0,18.0,8,0.006003041751682758
958000,15.75,18.75,8,0.0072157252579927444
960000,18.88,21.88,8,0.016241585835814476
962000,18.75,21.75,8,0.004270690958946943
964000,16.88,19.88,8,0.0048501985147595406
966000,13.38,16.38,8,0.017824064940214157
968000,18.88,21.88,8,0.004818564280867577
970000,19.0,22.0,8,0.006738328840583563
972000,20.25,23.25,8,0.003056626534089446
974000,18.88,21.88,8,0.008304417133331299
976000,14.56,17.56,9,0.005956885404884815
978000,19.88,22.88,8,0.004777079448103905
980000,17.25,20.25,8,0.0026987672317773104
982000,14.75,17.75,8,0.006154636852443218
984000,18.12,21.12,8,0.007282775826752186
986000,14.62,17.62,8,0.011074542999267578
988000,19.25,22.25,8,0.005321909673511982
990000,16.25,19.25,8,0.0045339250937104225
992000,21.25,24.25,8,0.005916404537856579
994000,15.38,18.38,8,0.004034136421978474
996000,16.62,19.62,8,0.007392530329525471
998000,18.62,21.62,8,0.0033932547084987164
1000000,22.5,25.5,8,0.0022453521378338337
1002000,17.88,20.88,8,0.0024669335689395666
1004000,14.25,17.25,8,0.011276558972895145
1006000,12.25,15.25,8,0.0042211273685097694
1008000,12.75,15.75,8,0.009311857633292675
1010000,17.25,20.25,8,0.006506004370748997
1012000,17.0,20.0,8,0.00730505445972085
1014000,20.5,23.5,8,0.005250032991170883
1016000,16.25,19.25,8,0.004236176144331694
1018000,19.88,22.88,8,0.008652929216623306
1020000,17.38,20.38,8,0.0056372438557446
1022000,18.75,21.75,8,0.005601783283054829
1024000,18.5,21.5,8,0.017171595245599747
1026000,17.12,20.12,8,0.004752974025905132
1028000,21.5,24.5,8,0.009415085427463055
1030000,17.12,20.12,8,0.003665803000330925
1032000,14.88,17.88,8,0.005286063067615032
1034000,15.0,18.0,8,0.00531109469011426
1036000,21.62,24.62,8,0.006881273351609707
1038000,17.12,20.12,8,0.0036567156203091145
1040000,17.62,20.62,8,0.003289724700152874
1042000,22.38,25.38,8,0.009376900270581245
1044000,16.5,19.5,8,0.012373107485473156
1046000,11.62,14.62,8,0.004212582483887672
1048000,15.62,18.62,8,0.00781957246363163
1050000,15.12,18.12,8,0.004643287509679794
1052000,17.12,20.12,8,0.013766984455287457
1054000,17.88,20.88,8,0.008022488094866276
1056000,18.0,21.0,8,0.011664758436381817
1058000,19.25,22.25,8,0.004411913454532623
1060000,14.88,17.88,8,0.017973195761442184
1062000,14.62,17.62,8,0.010738344863057137
1064000,18.12,21.12,8,0.0034693593624979258
1066000,9.5,12.5,8,0.007055364549160004
1068000,15.5,18.5,8,0.0025561992079019547
1070000,17.75,20.75,8,0.008034043945372105
1072000,14.25,17.25,8,0.0048205433413386345
1074000,20.33,23.33,9,0.003818540833890438
1076000,21.75,24.75,8,0.005317562259733677
1078000,16.38,19.38,8,0.008491012267768383
1080000,12.38,15.38,8,0.0032423113007098436
1082000,16.62,19.62,8,0.007020232267677784
1084000,16.62,19.62,8,0.004566573537886143
1086000,19.12,22.12,8,0.004870975390076637
1088000,16.5,19.5,8,0.004462477285414934
1090000,18.38,21.38,8,0.008938878774642944
1092000,17.62,20.62,8,0.0031122369691729546
1094000,14.12,17.12,8,0.005353241693228483
1096000,16.0,19.0,8,0.007348380982875824
1098000,20.75,23.75,8,0.006529510486871004
1100000,17.38,20.38,8,0.007958423346281052
1102000,18.12,21.12,8,0.005681713577359915
1104000,19.25,22.25,8,0.008080227300524712
1106000,18.38,21.38,8,0.0037886237259954214
1108000,17.0,20.0,8,0.011613782495260239
1110000,20.25,23.25,8,0.010289128869771957
1112000,22.25,25.25,8,0.003900726092979312
1114000,21.25,24.25,8,0.004515455104410648
1116000,17.25,20.25,8,0.008901686407625675
1118000,18.12,21.12,8,0.007150766905397177
1120000,15.25,18.25,8,0.004240503069013357
1122000,14.0,17.0,8,0.005532032810151577
1124000,13.5,16.5,8,0.003681737929582596
1126000,18.88,21.88,8,0.005791420582681894
1128000,12.5,15.5,8,0.005478802137076855
1130000,12.0,15.0,8,0.004912112839519978
1132000,17.25,20.25,8,0.008735273033380508
1134000,17.25,20.25,8,0.012476574629545212
1136000,21.62,24.62,8,0.005559317767620087
1138000,18.88,21.88,8,0.010283051989972591
1140000,17.0,20.0,8,0.0067642973735928535
1142000,17.5,20.5,8,0.005277263466268778
1144000,15.5,18.5,8,0.004072683863341808
1146000,13.25,16.25,8,0.004538213834166527
1148000,19.5,22.5,8,0.008518612943589687
1150000,16.12,19.12,8,0.006098686717450619
1152000,18.25,21.25,8,0.004973474889993668
1154000,16.88,19.88,8,0.004356526304036379
1156000,13.38,16.38,8,0.012004304677248001
1158000,11.5,14.5,8,0.007043042220175266
1160000,18.88,21.88,8,0.003486888948827982
1162000,16.25,19.25,8,0.004034549929201603
1164000,14.25,17.25,8,0.005787515081465244
1166000,18.0,21.0,8,0.014745907858014107
1168000,18.38,21.38,8,0.005183716304600239
1170000,19.38,22.38,8,0.006018594838678837
1172000,17.62,20.62,8,0.00608768779784441
1174000,17.12,20.12,8,0.010908441618084908
1176000,16.62,19.62,8,0.0045715137384831905
1178000,15.5,18.5,8,0.010085787624120712
1180000,17.38,20.38,8,0.002601192332804203
1182000,14.88,17.88,8,0.01022132858633995
1184000,15.0,18.0,8,0.0032137464731931686
1186000,17.88,20.88,8,0.010448251850903034
1188000,12.12,15.12,8,0.008800309151411057
1190000,17.88,20.88,8,0.002814185107126832
1192000,19.88,22.88,8,0.005653838627040386
1194000,13.25,16.25,8,0.00710724201053381
1196000,16.88,19.88,8,0.004164687357842922
1198000,18.75,21.75,8,0.004606467206031084
1200000,16.67,19.67,9,0.005440450739115477
1202000,13.0,16.0,8,0.013496085070073605
1204000,14.38,17.38,8,0.0030825105495750904
1206000,16.38,19.38,8,0.0035742204636335373
1208000,19.62,22.62,8,0.005150281824171543
1210000,11.0,14.0,8,0.0030269487760961056
1212000,15.5,18.5,8,0.004067966714501381
1214000,16.62,19.62,8,0.007745066657662392
1216000,17.0,20.0,8,0.007729799952358007
1218000,16.88,19.88,8,0.009250303730368614
1220000,14.12,17.12,8,0.006310361437499523
1222000,16.25,19.25,8,0.005497199483215809
1224000,9.88,12.88,8,0.007109789177775383
1226000,17.88,20.88,8,0.007614199537783861
1228000,20.38,23.38,8,0.0025092309806495905
1230000,16.12,19.12,8,0.004977666772902012
1232000,12.75,15.75,8,0.003268054686486721
1234000,18.62,21.62,8,0.006732297129929066
1236000,20.0,23.0,8,0.005677089560776949
1238000,19.12,22.12,8,0.004005584865808487
1240000,17.62,20.62,8,0.00537525862455368
1242000,18.25,21.25,8,0.008821806870400906
1244000,19.75,22.75,8,0.009104033932089806
1246000,20.38,23.38,8,0.007715102285146713
1248000,22.25,25.25,8,0.004347524605691433
1250000,16.25,19.25,8,0.006436132825911045
1252000,24.0,27.0,8,0.004506184719502926
1254000,15.62,18.62,8,0.005748014897108078
1256000,17.88,20.88,8,0.0025773700326681137
1258000,18.88,21.88,8,0.006361330859363079
1260000,16.25,19.25,8,0.005410915706306696
1262000,16.75,19.75,8,0.006915232632309198
1264000,17.5,20.5,8,0.0030507659539580345
1266000,13.25,16.25,8,0.01273327972739935
1268000,16.62,19.62,8,0.0037230816669762135
1270000,19.5,22.5,8,0.005063692573457956
1272000,19.88,22.88,8,0.009084941819310188
1274000,19.12,22.12,8,0.010459434241056442
1276000,14.5,17.5,8,0.003926998469978571
1278000,18.0,21.0,8,0.004663676023483276
1280000,17.62,20.62,8,0.0050986288115382195
1282000,19.5,22.5,8,0.004601167514920235
1284000,17.75,20.75,8,0.008106102235615253
1286000,17.38,20.38,8,0.004123703110963106
1288000,18.38,21.38,8,0.004868810065090656
1290000,18.38,21.38,8,0.0038716187700629234
1292000,21.62,24.62,8,0.005485261790454388
1294000,18.38,21.38,8,0.011994671076536179
1296000,18.12,21.12,8,0.007752199657261372
1298000,12.75,15.75,8,0.004798336420208216
1300000,20.38,23.38,8,0.006050559692084789
1302000,18.5,21.5,8,0.006513278931379318
1304000,15.75,18.75,8,0.006529384292662144
1306000,19.0,22.0,8,0.002565717790275812
1308000,15.12,18.12,8,0.0033193775452673435
1310000,18.75,21.75,8,0.007017923519015312
1312000,14.75,17.75,8,0.0030450355261564255
1314000,19.12,22.12,8,0.005133914761245251
1316000,16.75,19.75,8,0.010655509307980537
1318000,15.38,18.38,8,0.006169373169541359
1320000,14.12,17.12,8,0.011843845248222351
1322000,22.5,25.5,8,0.005153122823685408
1324000,18.12,21.12,8,0.012900646775960922
1326000,15.12,18.12,8,0.0033709323033690453
1328000,17.22,20.22,9,0.012193738482892513
1330000,18.38,21.38,8,0.0063311089761555195
1332000,18.88,21.88,8,0.005431974772363901
1334000,18.75,21.75,8,0.0055129979737102985
1336000,19.12,22.12,8,0.0074265701696276665
1338000,19.12,22.12,8,0.006908925250172615
1340000,18.62,21.62,8,0.008028285577893257
1342000,19.0,22.0,8,0.00232325354591012
1344000,16.0,19.0,8,0.004650585353374481
1346000,20.38,23.38,8,0.004895207937806845
1348000,19.88,22.88,8,0.015718039125204086
1350000,19.62,22.62,8,0.008680925704538822
1352000,19.88,22.88,8,0.007963028736412525
1354000,20.75,23.75,8,0.005017119459807873
1356000,18.67,21.67,9,0.0035354632418602705
1358000,19.38,22.38,8,0.022016674280166626
1360000,11.62,14.62,8,0.008397972211241722
1362000,13.62,16.62,8,0.00781090185046196
1364000,9.0,12.0,8,0.005462110973894596
1366000,19.88,22.88,8,0.012637763284146786
1368000,21.0,24.0,8,0.0033279149793088436
1370000,20.25,23.25,8,0.007576342206448317
1372000,22.25,25.25,8,0.0025720123667269945
1374000,20.62,23.62,8,0.007865087129175663
1376000,23.75,26.75,8,0.01368618756532669
1378000,15.88,18.88,8,0.008854557760059834
1380000,18.5,21.5,8,0.005589337088167667
1382000,15.25,18.25,8,0.011326896026730537
1384000,20.5,23.5,8,0.008784538134932518
1386000,16.62,19.62,8,0.00318027101457119
1388000,16.62,19.62,8,0.004582741763442755
1390000,18.0,21.0,8,0.00946694053709507
1392000,18.12,21.12,8,0.007319761905819178
1394000,16.12,19.12,8,0.003116602310910821
1396000,20.5,23.5,8,0.005475576501339674
1398000,19.0,22.0,8,0.009305639192461967
1400000,19.0,22.0,8,0.012538718990981579
1402000,12.75,15.75,8,0.0036543840542435646
1404000,22.25,25.25,8,0.007543968968093395
1406000,19.62,22.62,8,0.005868600681424141
1408000,17.25,20.25,8,0.004644852131605148
1410000,19.75,22.75,8,0.005671229213476181
1412000,17.12,20.12,8,0.004809961654245853
1414000,15.25,18.25,8,0.004041194915771484
1416000,13.88,16.88,8,0.010947024449706078
1418000,18.0,21.0,8,0.007564215920865536
1420000,15.25,18.25,8,0.003978537395596504
1422000,16.25,19.25,8,0.004199143964797258
1424000,16.25,19.25,8,0.009933731518685818
1426000,17.25,20.25,8,0.005081717856228352
1428000,16.75,19.75,8,0.006901248823851347
1430000,22.75,25.75,8,0.004663148894906044
1432000,15.25,18.25,8,0.014849215745925903
1434000,19.88,22.88,8,0.0013197411317378283
1436000,18.38,21.38,8,0.005467410199344158
1438000,17.5,20.5,8,0.005606942810118198
1440000,14.0,17.0,8,0.005920665338635445
1442000,14.75,17.75,8,0.0069617885164916515
1444000,15.12,18.12,8,0.005263911560177803
1446000,16.0,19.0,8,0.00429350882768631
1448000,15.38,18.38,8,0.004689205903559923
1450000,18.5,21.5,8,0.003452060278505087
1452000,15.0,18.0,8,0.00847935862839222
1454000,17.38,20.38,8,0.004294531419873238
1456000,19.0,22.0,8,0.021784285083413124
1458000,11.62,14.62,8,0.009452040307223797
1460000,19.62,22.62,8,0.004441962577402592
1462000,15.88,18.88,8,0.004988553002476692
1464000,18.5,21.5,8,0.006282742600888014
1466000,14.75,17.75,8,0.006057824939489365
1468000,19.5,22.5,8,0.0038270708173513412
1470000,16.88,19.88,8,0.00781448744237423
1472000,16.88,19.88,8,0.007492140866816044
1474000,15.25,18.25,8,0.00953981839120388
1476000,15.12,18.12,8,0.007348290644586086
1478000,17.5,20.5,8,0.007497767917811871
1480000,18.75,21.75,8,0.004908586852252483
1482000,15.88,18.88,8,0.00922863744199276
1484000,14.0,17.0,8,0.005442846566438675
1486000,15.38,18.38,8,0.008087169378995895
1488000,21.12,24.12,8,0.004340526182204485
1490000,20.12,23.12,8,0.00545631255954504
1492000,17.25,20.25,8,0.006897281855344772
1494000,16.62,19.62,8,0.008215651847422123
1496000,18.5,21.5,8,0.006427149288356304
1498000,20.0,23.0,9,0.006392473354935646
1500000,18.62,21.62,8,0.005028760060667992
1502000,15.62,18.62,8,0.012667822651565075
1504000,18.0,21.0,8,0.00731474906206131
1506000,19.88,22.88,8,0.005555008538067341
1508000,16.38,19.38,8,0.00409694854170084
1510000,20.38,23.38,8,0.003102791728451848
1512000,14.0,17.0,8,0.007218870334327221
1514000,20.0,23.0,8,0.005361096002161503
1516000,15.0,18.0,8,0.005949405487626791
1518000,16.0,19.0,8,0.008397789672017097
1520000,20.75,23.75,8,0.0110789705067873
1522000,17.5,20.5,8,0.004109831061214209
1524000,18.0,21.0,8,0.012797982431948185
1526000,18.5,21.5,8,0.006325316149741411
1528000,20.25,23.25,8,0.004173881374299526
1530000,17.88,20.88,8,0.0054001049138605595
1532000,20.88,23.88,8,0.007020067423582077
1534000,18.5,21.5,8,0.00423686858266592
1536000,18.75,21.75,8,0.001930366037413478
1538000,13.38,16.38,8,0.006286188028752804
1540000,12.38,15.38,8,0.003048212267458439
1542000,15.0,18.0,8,0.0031653873156756163
1544000,17.75,20.75,8,0.0033859149552881718
1546000,16.62,19.62,8,0.0078404126688838
1548000,16.5,19.5,8,0.0040094852447509766
1550000,18.33,21.33,9,0.006115679629147053
1552000,21.0,24.0,8,0.004828004632145166
1554000,21.75,24.75,8,0.008091043680906296
1556000,15.12,18.12,8,0.00455168541520834
1558000,19.25,22.25,8,0.0020230808295309544
1560000,16.25,19.25,8,0.006876358296722174
1562000,17.38,20.38,8,0.0053534070029854774
1564000,16.62,19.62,8,0.003092575818300247
1566000,17.25,20.25,8,0.01121920719742775
1568000,15.62,18.62,8,0.002819300163537264
1570000,13.5,16.5,8,0.003912157379090786
1572000,11.75,14.75,8,0.010970264673233032
1574000,19.12,22.12,8,0.004366656765341759
1576000,18.12,21.12,8,0.008289914578199387
1578000,16.0,19.0,8,0.013619311153888702
1580000,18.62,21.62,8,0.005331116728484631
1582000,14.25,17.25,8,0.007583394180983305
1584000,18.0,21.0,8,0.00576695054769516
1586000,16.75,19.75,8,0.004468311555683613
1588000,15.75,18.75,8,0.003909088671207428
1590000,17.62,20.62,8,0.004669679794460535
1592000,17.12,20.12,8,0.004658516496419907
1594000,20.5,23.5,8,0.009168029762804508
1596000,18.12,21.12,8,0.0035926687996834517
1598000,20.88,23.88,8,0.0035800468176603317
1600000,19.0,22.0,8,0.0025797835551202297
1602000,22.5,25.5,8,0.006131493952125311
1604000,17.25,20.25,8,0.0061457110568881035
1606000,12.25,15.25,8,0.005320320837199688
1608000,15.12,18.12,8,0.002804228337481618
1610000,16.62,19.62,8,0.015565168112516403
1612000,22.75,25.75,8,0.0029373508878052235
1614000,18.12,21.12,8,0.014433668926358223
1616000,17.75,20.75,8,0.0065578073263168335
1618000,21.75,24.75,8,0.0038541057147085667
1620000,19.12,22.12,8,0.00477360375225544
1622000,12.88,15.88,8,0.007365480065345764
1624000,23.12,26.12,8,0.007551980204880238
1626000,17.88,20.88,8,0.004059708211570978
1628000,19.38,22.38,8,0.0035815255250781775
1630000,21.12,24.12,8,0.0044673653319478035
1632000,15.88,18.88,8,0.00905553437769413
1634000,13.12,16.12,8,0.009313391521573067
1636000,13.88,16.88,8,0.0049368953332304955
1638000,22.0,25.0,8,0.004578803665935993
1640000,14.25,17.25,8,0.007051480934023857
1642000,17.25,20.25,8,0.003008090890944004
1644000,13.38,16.38,8,0.0034113966394215822
1646000,17.62,20.62,8,0.007582394406199455
1648000,21.12,24.12,8,0.004350064322352409
1650000,24.75,27.75,8,0.0019478239119052887
1652000,20.0,23.0,8,0.0034624815452843904
1654000,19.38,22.38,8,0.003483352018520236
1656000,17.88,20.88,8,0.005601862445473671
1658000,17.88,20.88,8,0.006260331720113754
1660000,17.5,20.5,8,0.007109565194696188
1662000,14.88,17.88,8,0.004394070710986853
1664000,19.5,22.5,8,0.01238239649683237
1666000,16.5,19.5,8,0.00830656848847866
1668000,15.12,18.12,8,0.0053219422698020935
1670000,15.75,18.75,8,0.004213287495076656
1672000,17.12,20.12,8,0.006067875772714615
1674000,19.12,22.12,8,0.0030660300981253386
1676000,15.5,18.5,8,0.006258614826947451
1678000,15.12,18.12,8,0.004397641401737928
1680000,17.62,20.62,8,0.003158042673021555
1682000,15.5,18.5,8,0.006580295506864786
1684000,13.62,16.62,8,0.006016767583787441
1686000,21.38,24.38,8,0.005006875842809677
1688000,13.25,16.25,8,0.0063284095376729965
1690000,18.5,21.5,8,0.012790310196578503
1692000,12.75,15.75,8,0.005169286392629147
1694000,21.5,24.5,8,0.010052738711237907
1696000,20.0,23.0,8,0.004003901034593582
1698000,19.62,22.62,8,0.00985432043671608
1700000,11.62,14.62,8,0.010343508794903755
1702000,18.0,21.0,8,0.002710157074034214
1704000,18.75,21.75,8,0.009604493156075478
1706000,11.88,14.88,8,0.007555515505373478
1708000,18.0,21.0,8,0.003957705106586218
1710000,21.0,24.0,8,0.0046697948127985
1712000,15.38,18.38,8,0.006280780769884586
1714000,18.25,21.25,8,0.006777082569897175
1716000,20.38,23.38,8,0.006036636885255575
1718000,15.62,18.62,8,0.007111896760761738
1720000,21.75,24.75,8,0.005476861260831356
1722000,16.75,19.75,8,0.004551773890852928
1724000,15.5,18.5,8,0.004934689030051231
1726000,17.62,20.62,8,0.002710942644625902
1728000,15.5,18.5,8,0.0073709310963749886
1730000,19.25,22.25,8,0.00652310810983181
1732000,17.38,20.38,8,0.009298179298639297
1734000,21.12,24.12,8,0.007444512099027634
1736000,18.12,21.12,8,0.006397977005690336
1738000,16.75,19.75,8,0.004627327900379896
1740000,18.0,21.0,8,0.007123358082026243
1742000,11.62,14.62,8,0.0027780260425060987
1744000,13.62,16.62,8,0.006183304358273745
1746000,17.0,20.0,8,0.004152453038841486
1748000,14.12,17.12,8,0.004658275283873081
1750000,17.38,20.38,8,0.006310708820819855
1752000,18.5,21.5,8,0.006252493243664503
1754000,19.25,22.25,8,0.005820788908749819
1756000,17.5,20.5,8,0.007234266027808189
1758000,21.88,24.88,8,0.004436652176082134
1760000,17.62,20.62,8,0.004287688992917538
1762000,20.88,23.88,8,0.004770259372889996
1764000,8.12,11.12,8,0.0036987685598433018
1766000,15.5,18.5,8,0.001988931093364954
1768000,20.12,23.12,8,0.008741481229662895
1770000,19.62,22.62,8,0.005060190334916115
1772000,19.5,22.5,8,0.005953050218522549
1774000,19.75,22.75,8,0.0034053544513881207
1776000,18.88,21.88,8,0.006121010519564152
1778000,18.25,21.25,8,0.003431656863540411
1780000,17.38,20.38,8,0.004698623903095722
1782000,17.38,20.38,8,0.012994375079870224
1784000,15.62,18.62,8,0.006850461941212416
1786000,16.38,19.38,8,0.007597750518471003
1788000,16.88,19.88,8,0.005371208302676678
1790000,9.62,12.62,8,0.0035127103328704834
1792000,16.88,19.88,8,0.0038196900859475136
1794000,20.5,23.5,8,0.010101472027599812
1796000,14.62,17.62,8,0.004550300072878599
1798000,19.5,22.5,8,0.005467124283313751
1800000,17.12,20.12,8,0.006439903751015663
1802000,20.12,23.12,8,0.004205150529742241
1804000,17.62,20.62,8,0.0019794427789747715
1806000,15.5,18.5,8,0.00561949610710144
1808000,21.88,24.88,8,0.004785278346389532
1810000,11.62,14.62,8,0.0032320586033165455
1812000,12.12,15.12,8,0.007572639733552933
1814000,16.88,19.88,8,0.006117464043200016
1816000,21.0,24.0,8,0.005798778962343931
1818000,22.78,25.78,9,0.0055420552380383015
1820000,11.25,14.25,8,0.01068093627691269
1822000,17.88,20.88,8,0.009855110198259354
1824000,18.62,21.62,8,0.00883718952536583
1826000,16.5,19.5,8,0.013819647021591663
1828000,15.12,18.12,8,0.004451924469321966
1830000,17.25,20.25,8,0.011578578501939774
1832000,18.12,21.12,8,0.00476363580673933
1834000,13.62,16.62,8,0.00440999586135149
1836000,20.0,23.0,8,0.004630649462342262
1838000,15.75,18.75,8,0.00212747766636312
1840000,14.0,17.0,8,0.004350854549556971
1842000,18.0,21.0,8,0.008506743237376213
1844000,19.12,22.12,8,0.0057332199066877365
1846000,19.0,22.0,8,0.003898038761690259
1848000,19.5,22.5,8,0.00670838076621294
1850000,12.38,15.38,8,0.007562518119812012
1852000,15.38,18.38,8,0.004181808792054653
1854000,11.25,14.25,8,0.003906331956386566
1856000,14.12,17.12,8,0.002993867499753833
1858000,15.75,18.75,8,0.005388563498854637
1860000,15.5,18.5,8,0.006428404711186886
1862000,21.0,24.0,8,0.0021725622937083244
1864000,16.88,19.88,8,0.002549345139414072
1866000,19.38,22.38,8,0.0051062703132629395
1868000,21.88,24.88,8,0.005671474616974592
1870000,19.12,22.12,8,0.0084146186709404
1872000,18.62,21.62,8,0.004312380217015743
1874000,14.75,17.75,8,0.00488267932087183
1876000,17.88,20.88,8,0.007573411799967289
1878000,16.62,19.62,8,0.004830184392631054
1880000,21.62,24.62,8,0.00841214694082737
1882000,20.0,23.0,8,0.005192671436816454
1884000,21.38,24.38,8,0.006871878169476986
1886000,17.88,20.88,8,0.0053551336750388145
1888000,19.25,22.25,8,0.006364953704178333
1890000,22.25,25.25,8,0.005367759615182877
1892000,10.25,13.25,8,0.009830634109675884
1894000,17.88,20.88,8,0.0038239965215325356
1896000,15.38,18.38,8,0.0029019757639616728
1898000,17.0,20.0,8,0.0018866002792492509
1900000,18.0,21.0,8,0.003165921662002802
1902000,17.62,20.62,8,0.005649241153150797
1904000,20.0,23.0,8,0.002743571065366268
1906000,19.25,22.25,8,0.007101822644472122
1908000,16.88,19.88,8,0.008475549519062042
1910000,17.62,20.62,8,0.006134027615189552
1912000,18.5,21.5,8,0.00994003377854824
1914000,17.38,20.38,8,0.013051733374595642
1916000,18.38,21.38,8,0.018272167071700096
1918000,20.88,23.88,8,0.006845425348728895
1920000,17.75,20.75,8,0.0033777281641960144
1922000,22.38,25.38,8,0.007482463959604502
1924000,19.12,22.12,8,0.010909670032560825
1926000,13.0,16.0,8,0.004224107135087252
1928000,17.62,20.62,8,0.006861666217446327
1930000,19.25,22.25,8,0.0040247077122330666
1932000,21.5,24.5,8,0.006424836348742247
1934000,18.5,21.5,8,0.005519922822713852
1936000,15.12,18.12,8,0.004587010480463505
1938000,17.0,20.0,8,0.0018399576656520367
1940000,17.12,20.12,8,0.008105047047138214
1942000,16.38,19.38,8,0.004554146900773048
1944000,19.62,22.62,8,0.005795992910861969
1946000,20.75,23.75,8,0.0050725871697068214
1948000,18.62,21.62,8,0.004989382810890675
1950000,16.62,19.62,8,0.014488108456134796
1952000,16.0,19.0,8,0.00946673285216093
1954000,13.88,16.88,8,0.005233634263277054
1956000,9.0,12.0,8,0.006095444783568382
1958000,12.25,15.25,8,0.0042481804266572
1960000,13.12,16.12,8,0.005820140242576599
1962000,22.88,25.88,8,0.006802688352763653
1964000,18.25,21.25,8,0.012214060872793198
1966000,18.75,21.75,8,0.007483297493308783
1968000,18.38,21.38,8,0.003579758107662201
1970000,14.12,17.12,8,0.0057738302275538445
1972000,18.62,21.62,8,0.005086801014840603
1974000,11.88,14.88,8,0.0050715235993266106
1976000,11.88,14.88,8,0.003601804841309786
1978000,15.38,18.38,8,0.008080853149294853
1980000,13.56,16.56,9,0.003968915902078152
1982000,15.0,18.0,8,0.004164291545748711
1984000,18.62,21.62,8,0.004412936046719551
1986000,21.25,24.25,8,0.0031943735666573048
1988000,18.88,21.88,8,0.0061896489933133125
1990000,22.62,25.62,8,0.007615494541823864
1992000,16.75,19.75,8,0.0031452886760234833
1994000,18.12,21.12,8,0.01612199656665325
1996000,20.25,23.25,8,0.004399152006953955
1998000,19.25,22.25,8,0.003096946980804205
2000000,16.12,19.12,8,0.00325488718226552
